"Ticker","Nome","Negócios","Última (R$)","Variação"
"HAPV3","Hapvida","172.944.800","3,47","-5,19%"
"BBDC4","Banco Bradesco","156.143.100","13,56","-2,87%"
"MGLU3","Magazine Luiza","154.722.500","2,07","-0,48%"
"OIBR3","Oi","91.208.600","0,96","+11,63%"
"MRVE3","MRV","66.425.000","6,70","-9,46%"
"ITUB4","Itaú Unibanco","48.756.600","33,86","-1,97%"
"COGN3","Cogna","46.204.200","2,45","-2,00%"
"B3SA3","B3","30.911.000","13,16","-2,01%"
"CIEL3","Cielo","30.743.600","5,15","+0,39%"
"LREN3","Lojas Renner","28.192.100","14,96","-3,55%"
"VALE3","Vale","25.812.100","66,21","-0,88%"
"PETR4","Petrobras","25.589.100","41,86","-0,81%"
"ITSA4","Itaúsa","23.663.100","10,33","-1,34%"
"ABEV3","Ambev","23.297.000","12,95","-0,38%"
"AZUL4","Azul","22.973.900","12,38","-4,84%"
"PETZ3","Petz","22.931.100","3,57","+3,18%"
"AMER3","Americanas","19.386.500","0,68","-4,23%"
"TOTS3","Totvs","18.285.400","29,64","-9,77%"
"BBDC3","Banco Bradesco","17.821.000","12,52","-0,87%"
"USIM5","Usiminas","16.579.800","9,40","+0,75%"
"CVCB3","CVC","15.376.600","3,15","+1,94%"
"POMO4","Marcopolo","14.334.300","8,24","-0,84%"
"CPLE6","Copel","13.800.900","10,07","-2,04%"
"RAIL3","Rumo","12.935.700","23,55","+0,38%"
"EQTL3","Equatorial Energia","12.898.900","34,24","-4,30%"
"CMIG4","CEMIG","12.817.900","11,23","-1,32%"
"NTCO3","Natura","12.772.400","16,52","-1,78%"
"ASAI3","Assaí","12.424.500","13,83","+0,14%"
"SOMA3","Grupo Soma","11.488.800","7,10","-1,80%"
"CSAN3","Cosan","11.056.900","18,45","-0,70%"
"BHIA3","Casas Bahia","11.001.200","7,50","-2,22%"
"GOLL4","GOL","10.785.300","2,35","-5,62%"
"ALPA4","Alpargatas","10.733.300","8,02","-1,35%"
"BBAS3","Banco do Brasil","10.599.600","58,54","-1,51%"
"BEEF3","Minerva","10.593.000","6,65","-2,35%"
"CCRO3","Grupo CCR","10.439.700","13,47","+0,15%"
"BBSE3","BB Seguridade","10.362.700","34,50","-3,74%"
"SEQL3","Sequoia Logística","9.622.900","0,48","+2,13%"
"GFSA3","Gafisa","9.442.800","5,92","-24,59%"
"ELET3","Eletrobras","9.381.200","42,94","-0,58%"
"AURE3","VTRM ENERGIA PARTICIPAÃiES S.A.","9.381.200","12,86","-1,68%"
"RAIZ4","Raízen","8.824.000","3,92","-0,25%"
"CXSE3","Caixa Seguridade","8.734.500","13,84","-6,23%"
"VAMO3","Grupo Vamos","8.552.600","8,05","-1,71%"
"CRFB3","Carrefour Brasil","8.176.600","11,67","-1,85%"
"CYRE3","Cyrela","8.094.000","22,69","-1,60%"
"PETR3","Petrobras","8.013.000","43,23","-0,35%"
"CEAB3","C&A","7.472.200","8,10","+3,18%"
"STBP3","Santos Brasil","7.436.800","11,12","+3,35%"
"IFCM3","Infracommerce","7.377.200","1,35","-3,57%"
"TIMS3","TIM","7.340.800","18,43","+1,15%"
"RRRP3","3R Petroleum","6.908.300","29,31","+0,27%"
"GMAT3","Grupo Mateus","6.845.400","7,41","-1,33%"
"ANIM3","Ânima Educação","6.778.700","4,14","-4,39%"
"LWSA3","Locaweb","6.584.100","5,51","+0,00%"
"PCAR3","Grupo Pão de Açúcar","6.488.700","4,00","+1,01%"
"PRIO3","PetroRio","6.454.400","43,40","-1,30%"
"CSNA3","Siderúrgica Nacional","6.392.600","18,06","-1,47%"
"GGBR4","Gerdau","6.179.200","21,35","-1,97%"
"ENEV3","Eneva","6.104.400","12,69","-1,63%"
"RENT3","Localiza","6.017.300","52,65","-1,63%"
"AESB3","AES Brasil","5.997.400","10,29","-0,39%"
"RADL3","RaiaDrogasil","5.952.200","25,11","-0,55%"
"VBBR3","Vibra Energia","5.789.300","23,86","-0,42%"
"BRFS3","BRF","5.756.900","14,54","-1,82%"
"CMIN3","CSN Mineração","5.756.400","6,59","+0,76%"
"QUAL3","Qualicorp","5.732.600","2,09","-0,95%"
"SUZB3","Suzano","5.681.200","53,45","-0,47%"
"GOAU4","Metalúrgica Gerdau","5.577.400","10,03","-1,86%"
"UGPA3","Ultrapar","5.468.900","29,11","+0,55%"
"JBSS3","JBS","5.304.100","23,00","-2,25%"
"WEGE3","WEG","5.247.100","33,80","+0,51%"
"MRFG3","Marfrig","5.107.800","9,23","-2,64%"
"DXCO3","Dexco","5.026.600","7,64","-1,42%"
"YDUQ3","YDUQS","5.005.200","19,02","+0,11%"
"MLAS3","Multilaser","4.690.600","1,89","-3,57%"
"RDOR3","Rede D'Or","4.644.700","27,51","-1,68%"
"JHSF3","JHSF","4.573.200","4,40","-7,17%"
"CBAV3","CBA","4.571.100","3,81","-1,04%"
"RCSL3","Recrusul","4.552.100","1,90","+2,15%"
"ALOS3","ALOS3","4.396.100","24,21","-2,46%"
"MULT3","Multiplan","4.244.300","27,25","-2,22%"
"MOVI3","Movida","4.049.400","8,52","-5,02%"
"LJQQ3","Lojas Quero-Quero","3.887.200","4,81","-2,43%"
"EMBR3","Embraer","3.860.900","21,92","+1,06%"
"ODPV3","Odontoprev","3.837.300","13,18","+0,38%"
"AERI3","Aeris Energy","3.676.900","0,76","+0,00%"
"CPLE3","Copel","3.317.100","9,00","-1,96%"
"ECOR3","EcoRodovias","3.307.500","9,08","-2,05%"
"TEND3","Construtora Tenda","3.255.600","9,71","-2,71%"
"HBSA3","Hidrovias do Brasil","3.226.300","3,64","-2,41%"
"RAPT4","Randon","3.184.000","10,93","-4,87%"
"BRAP4","Bradespar","3.151.700","22,16","-1,12%"
"CURY3","Cury","3.135.300","18,97","-0,94%"
"SIMH3","Simpar","3.036.500","7,52","-3,09%"
"PSSA3","Porto Seguro","3.030.700","26,49","-4,20%"
"SRNA3","SRNA3","2.894.600","10,10","+0,70%"
"FLRY3","Fleury","2.740.500","16,12","-2,30%"
"EZTC3","EZTEC","2.630.200","15,10","-3,58%"
"BMGB4","Banco BMG","2.616.800","4,06","+6,28%"
"EGIE3","Engie","2.549.500","40,65","-1,12%"
"ESPA3","Espaçolaser","2.403.500","0,97","-3,00%"
"AZEV4","Azevedo & Travassos","2.401.800","1,61","+1,26%"
"KLBN4","Klabin","2.397.100","4,31","-0,46%"
"SBSP3","Sabesp","2.319.900","78,97","-1,74%"
"BPAN4","Banco Pan","2.302.500","8,41","-0,36%"
"RECV3","PetroRecôncavo","2.297.500","22,62","-0,62%"
"EVEN3","Even","2.289.500","7,18","-4,52%"
"TRPL4","Transmissão Paulista","2.233.900","26,61","-0,89%"
"SAPR4","Sanepar","2.089.200","5,48","-1,44%"
"GUAR3","Guararapes","2.073.100","4,91","-4,10%"
"PGMN3","Pague Menos","2.041.700","2,94","-3,61%"
"VULC3","Vulcabras","2.017.800","17,50","-3,21%"
"GGPS3","GPS","1.966.800","18,57","-2,72%"
"HYPE3","Hypera","1.961.000","32,09","-1,47%"
"PINE4","PINE","1.951.700","4,32","-5,05%"
"CSMG3","COPASA","1.928.000","21,31","-1,48%"
"TTEN3","3tentos","1.927.800","10,02","-4,66%"
"VIVT3","Vivo","1.925.800","53,68","-0,39%"
"CPFE3","CPFL Energia","1.906.600","35,71","-2,08%"
"SBFG3","Grupo SBF","1.892.600","13,56","-0,51%"
"PDGR3","PDG Realty","1.888.200","0,33","+0,00%"
"SMTO3","São Martinho","1.849.400","27,39","-3,45%"
"BRKM5","Braskem","1.830.100","17,52","-0,34%"
"ONCO3","Oncoclínicas","1.826.000","10,87","-0,55%"
"IRBR3","IRB Brasil RE","1.822.800","40,83","-3,41%"
"ENAT3","Enauta","1.818.100","19,40","+0,21%"
"MTRE3","Mitre Realty","1.770.800","4,56","-3,80%"
"SLCE3","SLC Agrícola","1.750.700","19,10","-2,25%"
"ARZZ3","Arezzo","1.720.900","58,60","-2,38%"
"ZAMP3","Zamp","1.679.000","4,67","-1,27%"
"ABCB4","Banco ABC Brasil","1.653.400","23,63","-1,34%"
"ELET6","Eletrobras","1.628.400","47,28","-1,25%"
"PLPL3","Plano&Plano","1.619.800","12,00","+3,81%"
"VIVA3","Vivara","1.611.900","31,80","-1,85%"
"GRND3","Grendene","1.608.500","6,30","-1,56%"
"NEOE3","Neoenergia","1.544.000","21,02","-0,90%"
"MDNE3","Moura Dubeux","1.456.300","10,88","-2,86%"
"CASH3","Méliuz","1.408.000","7,47","-0,13%"
"MEAL3","IMC Alimentação","1.396.200","1,68","-4,00%"
"INTB3","Intelbras","1.332.800","19,80","-3,41%"
"LIGT3","Light","1.281.900","5,45","+0,37%"
"SMFT3","Smart Fit","1.270.600","24,48","-0,69%"
"VVEO3","Viveo","1.235.100","8,78","-4,77%"
"DIRR3","Direcional","1.186.900","22,13","-1,51%"
"AMBP3","Ambipar","1.164.400","13,88","-3,48%"
"BRSR6","Banrisul","1.126.000","13,91","-4,73%"
"OIBR4","Oi","1.098.600","2,02","+17,44%"
"KEPL3","Kepler Weber","1.091.600","9,65","-0,62%"
"BMOB3","Bemobi","1.005.300","12,36","-2,68%"
"RCSL4","Recrusul","994.300","0,77","+0,00%"
"USIM3","Usiminas","959.400","8,99","+1,35%"
"ORVR3","Orizon","911.500","34,44","-2,41%"
"MBLY3","Mobly","907.400","2,20","+1,38%"
"MDIA3","M. Dias Branco","871.700","38,53","-1,18%"
"POSI3","Positivo","801.900","7,25","-0,68%"
"MYPK3","Iochpe-Maxion","763.400","11,72","-3,62%"
"VLID3","Valid","759.500","19,94","-5,50%"
"BRIT3","Brisanet","744.100","2,98","-0,67%"
"CLSA3","ClearSale","730.300","3,93","-0,25%"
"CAML3","Camil Alimentos","716.700","8,53","+0,24%"
"ARML3","Armac","676.500","13,90","-1,21%"
"ENJU3","Enjoei","675.400","1,58","+0,00%"
"AGRO3","BrasilAgro","667.100","24,26","-1,50%"
"PTBL3","Portobello","642.900","5,68","-3,73%"
"MATD3","Mater Dei","639.800","6,42","-3,02%"
"PRNR3","Priner","635.400","11,44","-0,69%"
"MILS3","Mills","632.100","12,41","-2,82%"
"LEVE3","Mahle Metal Leve","616.800","33,27","-2,29%"
"ITUB3","Itaú Unibanco","610.400","28,99","-0,96%"
"HBOR3","Helbor","562.800","2,67","-4,30%"
"SEER3","Ser Educacional","558.900","5,67","-2,74%"
"RANI3","Irani","558.200","10,10","-1,37%"
"OPCT3","OceanPact","553.200","5,70","-1,38%"
"LAVV3","Lavvi Incorporadora","539.300","7,71","-2,03%"
"TRIS3","Trisul","534.300","4,35","-4,81%"
"HBRE3","HBR Realty","528.800","4,64","-4,72%"
"PORT3","Wilson Sons","518.700","16,79","-0,06%"
"CSED3","Cruzeiro do Sul Educacional","501.300","3,83","-1,79%"
"KLBN3","Klabin","490.400","4,29","-0,46%"
"JALL3","Jalles Machado","489.800","7,38","-2,77%"
"DASA3","Dasa","489.800","7,05","-6,62%"
"AZEV3","Azevedo & Travassos","471.500","1,60","+1,91%"
"VITT3","Vittia","389.300","8,10","-1,58%"
"ETER3","Eternit","379.400","6,88","-4,44%"
"FESA4","Ferbasa","377.500","9,78","-1,01%"
"TUPY3","Tupy","374.200","25,62","-1,50%"
"PNVL3","Dimed","367.400","11,50","-2,54%"
"WIZC3","Wiz Soluções","367.400","6,41","-2,29%"
"TRAD3","Traders Club","345.200","0,68","-2,86%"
"LOGG3","LOG CP","337.600","21,38","-4,77%"
"TASA4","Taurus","335.400","14,22","-1,11%"
"AMAR3","Lojas Marisa","319.800","2,59","-1,89%"
"FRAS3","Fras-le","303.200","15,19","-2,13%"
"TAEE4","Taesa","296.700","12,07","-2,27%"
"JSLG3","JSL","278.800","10,72","-1,56%"
"BLAU3","Blau Farmacêutica","269.100","12,20","-2,40%"
"LUPA3","Lupatech","268.000","1,90","-0,52%"
"SHUL4","Schulz","262.400","6,59","-0,60%"
"AGXY3","AgroGalaxy","261.600","2,22","-3,48%"
"SAPR3","Sanepar","250.300","5,24","-1,50%"
"PFRM3","Profarma","248.800","4,60","-3,36%"
"CMIG3","CEMIG","239.600","14,99","-0,66%"
"NGRD3","Neogrid","228.400","1,12","+0,00%"
"SYNE3","SYN","224.500","4,51","-1,31%"
"TFCO4","Track & Field","215.500","13,99","+0,72%"
"ROMI3","Indústrias ROMI","206.000","12,64","-2,84%"
"SOJA3","Boa Safra Sementes","202.700","15,44","-2,89%"
"MELK3","Melnick","200.400","4,45","+0,00%"
"FIQE3","Unifique","199.300","3,72","-1,33%"
"CRIV4","Alfa Financeira","178.600","6,30","+0,00%"
"SGPS3","Springs","170.900","1,13","-1,74%"
"UNIP6","Unipar","168.000","68,70","-1,86%"
"VIVR3","Viver","157.900","4,10","-5,09%"
"LAND3","Terra Santa","156.000","14,68","-2,13%"
"TAEE3","Taesa","143.100","12,00","-1,07%"
"TGMA3","Tegma","134.900","25,96","-2,22%"
"BOBR4","Bombril","130.400","2,33","+1,75%"
"SANB3","Banco Santander","130.300","13,36","-2,48%"
"ITSA3","Itaúsa","119.800","10,31","-1,25%"
"POMO3","Marcopolo","116.700","6,29","-1,10%"
"ALPK3","Estapar","108.500","4,19","-1,87%"
"SANB4","Banco Santander","102.500","15,05","-1,89%"
"RNEW4","Renova Energia","100.800","1,28","+1,59%"
"LPSB3","Lopes","97.900","2,17","-2,25%"
"CSUD3","CSU Cardsystem","91.500","18,51","-1,33%"
"TECN3","Technos","91.100","3,41","+0,59%"
"DESK3","Desktop","90.200","12,30","-3,38%"
"KRSA3","Kora Saúde","79.300","0,93","-2,11%"
"SHOW3","Time For Fun","75.100","2,06","+0,49%"
"DMVF3","D1000 Varejo Farma","74.500","6,07","-0,65%"
"ELMD3","Eletromidia","69.700","17,65","+0,80%"
"INEP3","Inepar","66.000","3,81","-4,75%"
"DEXP3","Dexxos","65.500","12,11","-3,12%"
"RNEW3","Renova Energia","60.300","1,29","+1,57%"
"CTNM4","Coteminas","58.800","1,38","-1,43%"
"BIOM3","Biomm","58.000","5,22","-1,32%"
"WHRL4","Whirlpool","54.300","4,61","+0,44%"
"AALR3","Alliança","52.100","8,13","-2,87%"
"RSID3","Rossi Residencial","51.600","3,71","+3,06%"
"CTSA4","Santanense","51.100","1,76","-1,68%"
"GGBR3","Gerdau","48.800","20,06","-1,23%"
"TPIS3","Triunfo","46.600","3,90","-0,51%"
"CAMB3","Cambuci","45.900","11,33","+3,00%"
"TCSA3","Tecnisa","42.500","3,00","-3,23%"
"BRAP3","Bradespar","42.300","20,59","-1,01%"
"WEST3","Westwing","41.200","1,20","-0,83%"
"GOAU3","Metalúrgica Gerdau","38.200","10,38","-0,48%"
"INEP4","Inepar","37.700","3,36","+0,90%"
"SNSY3","Sansuy","37.000","10,37","+12,60%"
"PDTC3","Padtec","35.600","3,09","-0,32%"
"ALLD3","Allied","35.300","6,80","-3,95%"
"EUCA4","Eucatex","32.200","16,40","-0,43%"
"PMAM3","Paranapanema","31.200","3,92","+2,35%"
"LVTC3","WDC Networks","30.800","3,90","-2,74%"
"IGTI3","Iguatemi","30.400","2,88","-5,26%"
"IGTI3","Jereissati Participações","30.400","2,88","-5,26%"
"NINJ3","GetNinjas","28.100","5,03","-0,40%"
"BMEB4","Banco Mercantil do Brasil","27.600","22,94","+3,80%"
"RAPT3","Randon","25.900","10,61","-3,81%"
"ALUP4","Alupar","25.100","9,77","-1,31%"
"OSXB3","OSX Brasil","23.900","5,03","-0,20%"
"SNSY5","Sansuy","22.500","4,69","+4,45%"
"JFEN3","João Fortes","21.200","1,81","-4,23%"
"ENGI4","Energisa","18.300","8,40","-4,87%"
"BRIV4","Alfa Investimento","17.800","11,30","+0,00%"
"FRTA3","Pomi Frutas","16.000","1,47","+1,38%"
"HAGA4","Haga","15.800","1,07","-0,93%"
"ALPA3","Alpargatas","15.700","8,66","+0,58%"
"BRSR3","Banrisul","15.000","13,77","-2,96%"
"TELB4","Telebras","14.600","11,06","-2,04%"
"EPAR3","Embpar Participações","14.600","9,70","+2,11%"
"TASA3","Taurus","14.200","14,32","-0,83%"
"UCAS3","Unicasa","13.400","2,64","+0,00%"
"LOGN3","Log-In","13.200","36,43","-4,63%"
"SCAR3","São Carlos","11.800","26,59","-3,13%"
"BAHI3","Bahema","11.500","6,90","-9,69%"
"BEES3","Banestes","11.200","9,68","-1,22%"
"DOTZ3","Dotz","11.100","7,49","-6,14%"
"MWET4","Wetzel","10.800","5,71","-3,87%"
"COCE5","Coelce","10.000","40,50","-1,82%"
"ALUP3","Alupar","9.600","9,72","-0,82%"
"BRKM3","Braskem","9.100","18,24","-0,33%"
"BPAC3","Banco BTG Pactual","7.700","18,17","-3,81%"
"CEBR3","CEB","7.600","19,20","+0,05%"
"RPMG3","Refinaria de Manguinhos","7.600","2,07","+0,49%"
"CLSC4","Celesc","7.500","65,66","-0,05%"
"ATMP3","Atma","7.500","2,89","-2,69%"
"ENGI3","Energisa","7.300","16,85","-7,16%"
"CGRA4","Grazziotin","7.200","25,24","+0,12%"
"CEBR6","CEB","6.700","23,10","-0,86%"
"REDE3","Rede Energia","6.200","6,91","-1,29%"
"MGEL4","Mangels","5.900","14,18","+5,43%"
"ATOM3","ATOM","5.900","2,10","+0,00%"
"FHER3","Fertilizantes Heringer","5.700","6,05","-2,26%"
"NUTR3","Nutriplant","5.700","5,44","+0,55%"
"BPAC5","Banco BTG Pactual","5.600","9,53","-2,46%"
"RPAD3","Alfa Holdings","5.400","8,32","+1,22%"
"CGAS5","Comgás","5.300","113,50","-2,21%"
"WLMM4","WLM","5.300","27,57","-1,50%"
"BEES4","Banestes","5.200","10,00","-1,96%"
"UNIP3","Unipar","5.100","63,61","-0,76%"
"EKTR4","Elektro","5.100","39,02","+0,46%"
"HAGA3","Haga","4.600","2,48","-1,20%"
"CEDO3","Cedro Têxtil","4.200","29,50","-1,01%"
"RDNI3","RNI","4.100","4,43","-0,23%"
"EUCA3","Eucatex","4.000","16,10","-3,88%"
"CGRA3","Grazziotin","3.700","25,39","+0,44%"
"CEBR5","CEB","3.500","18,07","+1,52%"
"BAZA3","Banco da Amazônia","3.400","89,40","-0,67%"
"CEEB3","COELBA","3.100","39,98","+0,38%"
"HBTS5","Habitasul","3.000","33,00","-5,69%"
"FRIO3","Metalfrio","2.900","310,00","+0,65%"
"CRIV3","Alfa Financeira","2.900","6,05","+0,00%"
"VSTE3","LE LIS BLANC","2.700","17,10","-1,50%"
"PTNT4","Pettenati","2.700","7,90","+0,13%"
"TRPL3","Transmissão Paulista","2.600","34,33","+0,26%"
"RSUL4","Metalúrgica Riosulense","2.400","78,04","+0,18%"
"BMEB3","Banco Mercantil do Brasil","2.300","22,12","-1,25%"
"HOOT4","Hotéis Othon","2.300","2,81","-1,06%"
"MTSA4","METISA","2.100","49,10","-0,79%"
"TELB3","Telebras","2.100","14,72","-0,61%"
"NORD3","Nordon","2.000","12,70","-2,31%"
"EMAE4","EMAE","1.800","58,93","+2,68%"
"BMIN4","Banco Mercantil de Investimentos","1.700","15,00","-1,83%"
"CRPG5","Tronox Pigmentos","1.600","36,40","+0,00%"
"EALT4","Electro Aço Altona","1.500","10,09","+0,90%"
"CTSA3","Santanense","1.400","3,42","-3,39%"
"AFLT3","Afluente T","1.200","7,97","+0,38%"
"CRPG6","Tronox Pigmentos","1.100","36,29","-0,55%"
"WLMM3","WLM","1.100","24,29","+3,36%"
"DOHL4","Döhler","1.100","4,99","-0,20%"
"BSLI3","Banco de Brasília","1.000","12,59","-8,10%"
"BRIV3","Alfa Investimento","1.000","11,16","+0,09%"
"CTNM3","Coteminas","1.000","9,30","-0,96%"
"AVLL3","Alphaville","900","5,05","+3,06%"
"NEXP3","Brasil Brokers","900","4,87","-1,62%"
"WHRL3","Whirlpool","900","4,17","-2,57%"
"OFSA3","Ourofino Saúde Animal","700","22,45","-0,71%"
"BSLI4","Banco de Brasília","700","11,64","-1,69%"
"CEDO4","Cedro Têxtil","600","26,01","-2,22%"
"EQPA3","Equatorial Energia Pará","600","7,72","+0,13%"
"APER3","Alper","500","39,20","-2,41%"
"BAUH4","Excelsior","400","80,86","+0,00%"
"PTNT3","Pettenati","400","12,42","+0,49%"
"DEXP4","Dexxos","400","12,00","-0,83%"
"PLAS3","Plascar","400","7,70","+9,22%"
"BGIP4","Banese","300","26,90","+0,00%"
"GEPA4","Rio Paranapanema Energia","300","26,25","-0,53%"
"MNPR3","Minupar","200","20,99","-1,32%"
"BMIN3","Banco Mercantil de Investimentos","200","19,72","-8,28%"
"EALT3","Electro Aço Altona","200","9,50","-6,40%"
"DTCY3","Dtcom","200","4,99","-0,20%"
"CSRN3","COSERN","100","28,40","-2,04%"
"PATI3","Panatlântica","100","26,19","+0,73%"
"CPLE5","Copel","100","22,21","-4,68%"
"BRKM6","Braskem","100","14,03","-6,40%"
"MAPT3","Cemepe","100","12,00","+0,00%"
"IGTI4","Jereissati Participações","100","10,70","+0,00%"
"IGTI4","Iguatemi","100","10,70","+0,00%"
"MAPT4","Cemepe","100","8,95","-1,65%"
"PINE3","PINE","100","4,67","-4,69%"
"BMKS3","Monark","1","358,99","+4,34%"
"HETA4","Hercules","3.600","6,59","+6,46%"
"EQMA3B","Equatorial Maranhão","1.800","29,49","+1,65%"
"RPAD6","Alfa Holdings","1.000","8,03","+0,00%"
"RPAD5","Alfa Holdings","800","8,20","-0,61%"
"CTKA4","Karsten","700","17,20","+1,18%"
"EQPA7","Equatorial Energia Pará","500","7,50","-3,23%"
"MRSA3B","MRS Logística","400","23,15","-10,96%"
"TEKA4","Teka","200","26,98","-0,04%"
"BRGE3","Consórcio Alfa","200","11,69","+1,30%"
"PEAB4","Participações Aliança da Bahia","100","44,01","-6,38%"
"CSRN5","COSERN","100","28,13","+0,46%"
"BRGE12","Consórcio Alfa","100","11,85","+3,77%"
"FESA3","Ferbasa","400","15,00","-3,10%"
"BRGE6","Consórcio Alfa","300","11,99","+2,48%"
"BNBR3","Banco do Nordeste","200","117,02","-2,48%"
"BRSR5","Banrisul","200","18,47","-0,11%"
"ENMT3","Energisa MT","100","74,00","+1,37%"
"UNIP5","Unipar","100","72,98","+0,00%"
"LIPR3","Eletropar","100","67,01","+0,00%"
"BALM4","Baumer","100","10,25","+2,50%"
"BDLL4","Bardella","100","8,01","+2,69%"
"ESTR4","Estrela","4.800","3,81","-2,56%"
"MERC4","Mercantil do Brasil Financeira","3.900","11,00","+0,00%"
"MNDL3","Mundial","1.000","43,00","+6,09%"
"PEAB3","Participações Aliança da Bahia","300","42,00","+0,00%"
"BGIP3","Banese","300","27,34","-1,83%"
"BRGE8","Consórcio Alfa","5.100","11,81","+1,81%"
"BRGE11","Consórcio Alfa","4.300","11,81","+3,51%"
"GSHP3","General Shopping & Outlets","3.500","14,00","-3,38%"
"BRGE5","Consórcio Alfa","500","11,60","+0,00%"
"EQPA6","Equatorial Energia Pará","300","9,11","+13,88%"
"TKNO4","Tekno","200","69,90","+0,01%"
"EKTR3","Elektro","200","38,00","+0,03%"
"AHEB3","São Paulo Turismo","200","15,50","+0,00%"
"CGAS3","Comgás","100","106,25","-5,13%"
"AHEB5","São Paulo Turismo","100","16,61","+0,00%"
"EQPA5","Equatorial Energia Pará","100","7,50","-2,98%"
"JOPA3","Josapar","900","21,00","-1,87%"
"CALI3","Adolpho Lindenberg","500","17,50","-8,85%"
"CLSC3","Celesc","100","68,82","+1,47%"
"BALM3","Baumer","100","11,70","+6,36%"
"SOND6","Sondotécnica","200","50,00","-13,78%"
"PATI4","Panatlântica","200","33,50","-1,47%"
"ENMT4","Energisa MT","100","71,01","+4,43%"
"CRPG3","Tronox Pigmentos","100","40,99","+0,00%"
"MRSA5B","MRS Logística","300","23,06","+0,00%"
"MRSA6B","MRS Logística","200","23,07","+0,04%"
"CTKA3","Karsten","200","14,83","+0,00%"
"BRGE7","Consórcio Alfa","1.600","11,50","+6,28%"
"CBEE3","Ampla Energia","200","12,00","-7,69%"
"MOAR3","Monteiro Aranha","100","398,97","+2,83%"
"CEEB5","COELBA","100","36,85","+2,05%"
"GEPA3","Rio Paranapanema Energia","200","26,94","-0,04%"
"DOHL3","Döhler","100","6,51","-7,00%"
"CEED4","CEEE D","200","22,00","+1,20%"
"LUXM4","Trevisa","1.200","15,98","-0,06%"
"CSRN6","COSERN","100","25,38","-2,38%"
"CEED3","CEEE D","100","22,90","-5,68%"
"BDLL3","Bardella","600","13,00","+18,18%"
"ESTR3","Estrela","100","8,00","-20,00%"
"ELET5","Eletrobras","100","90,00","+5,87%"
"USIM6","Usiminas","300","16,28","+8,46%"
"FIEI3","Fica","300","12,99","+8,25%"
"SOND5","Sondotécnica","100","54,00","+0,00%"
"CSAB3","Cia. de Seg. Aliança da Bahia","100","30,50","-1,61%"
"CSAB4","Cia. de Seg. Aliança da Bahia","1.600","48,97","+19,47%"
"MEGA3","OMEGA ENERGIA S.A.","2.220.100","9,62","+1,48%"
"DMFN3","DM Financeira","400","14,00","+11,11%"
"GPAR3","CELGPAR","100","50,00","+11,11%"
"SQIA3","Sinqia","1.444.800","27,37","-0,29%"
"ALSO3","Aliansce Sonae","5.883.300","23,33","+2,06%"
"BRPR3","BR Properties","10.600","131,17","+2,48%"
"MTSA3","METISA","100","79,00","+2,60%"
"SLED4","Saraiva","64.300","1,60","-1,84%"
"SLED3","Saraiva","3.000","3,21","-0,31%"
"AHEB6","São Paulo Turismo","100","17,02","+0,06%"
"VIIA3","VIIA3","213.149.200","0,75","+2,74%"
"MWET3","Wetzel","100","13,30","+0,08%"
"ENBR3","EDP Brasil","1.697.900","24,08","+0,12%"
"BOAS3","Boa Vista","23.239.000","7,95","-0,38%"
"COCE3","Coelce","200","50,01","+2,86%"
"JOPA4","Josapar","100","33,80","-1,20%"
"MODL3","Banco Modal","16.688.000","3,08","+0,33%"
"MERC3","Mercantil do Brasil Financeira","51.500","15,28","+1,13%"
"CEGR3","Naturgy (CEG)","100","85,00","-4,49%"
"CRDE3","CRDE3","400","16,00","+0,00%"
"IGBR3","IGB Eletrônica","700","175,99","+1,14%"
"MSPA4","Melhoramentos","100","40,00","+0,00%"
"ODER4","Conservas Oderich","100","100,00","+12,35%"
"PARD3","Hermes Pardini","1.861.800","18,10","+1,29%"
"CASN3","CASAN","100","10,43","-18,39%"
"WIZS3","WIZS3","779.400","7,16","+1,99%"
"LLIS3","LLIS3","249.800","1,73","+2,98%"
"MSPA3","Melhoramentos","400","46,25","-7,52%"
"BRML3","BRMalls","16.132.900","8,26","+2,35%"
"DMMO3","Dommo Energia","3.254.800","1,76","-1,12%"
"GETT3","Getnet","46.500","2,40","+1,27%"
"GETT4","Getnet","18.500","2,40","+1,27%"
"SULA4","SulAmérica","18.600","7,63","+5,53%"
"SULA3","SulAmérica","4.000","7,43","+1,50%"
"CEPE5","CELPE","100","40,12","+0,02%"
"TCNO4","Tecnosolo","36.800","0,85","-9,57%"
"TCNO3","Tecnosolo","3.400","1,20","-1,64%"
"CEPE6","CELPE","100","43,00","+6,17%"
"BKBR3","BKBR3","782.300","7,63","+0,26%"
"MTIG4","Metalgráfica Iguaçu","100","23,00","+0,00%"
"BLUT4","Blue Tech Solutions","171.100","1,52","-5,59%"
"BLUT3","Blue Tech Solutions","13.400","5,14","+0,59%"
"MODL4","Banco Modal","700","2,72","-2,16%"
"CARD3","CARD3","118.000","14,51","+1,82%"
"SHUL3","Schulz","100","27,94","-50,12%"
"FIGE3","Investimentos Bemge","100","12,03","+99,83%"
"FNCN3","FNCN3","4.800","14,25","-0,35%"
"TEKA3","Teka","100","8,23","+1,73%"
"HETA3","Hercules","200","96,00","+0,00%"
"LCAM3","Locamerica","26.118.900","24,15","+1,86%"
"BIDI4","Banco Inter","52.479.800","3,41","-2,01%"
"BIDI3","Banco Inter","15.262.400","3,40","-2,58%"
"EEEL4","CEEE GT","100","410,00","-2,88%"
"EEEL3","CEEE GT","400","421,01","+5,25%"
"BBRK3","BBRK3","1.279.600","0,80","+1,27%"
"SOND3","Sondotécnica","200","46,01","+14,45%"
"CESP6","CESP","9.306.600","25,25","+1,41%"
"CESP3","CESP","11.500","25,55","+1,71%"
"CESP5","CESP","300","25,00","+2,75%"
"ECPR4","Encorpar","100","90,74","+0,42%"
"MOSI3","Mosaico","1.021.200","8,24","+3,00%"
"POWE3","Focus Energia","678.000","10,90","-2,24%"
"ECPR3","Encorpar","300","90,25","+12,97%"
"GNDI3","NotreDame Intermédica","33.458.600","65,34","+0,00%"
"LAME4","Lojas Americanas","43.631.000","6,55","+2,02%"
"LAME3","Lojas Americanas","10.941.100","6,62","+2,95%"
"OMGE3","Omega Geração","834.900","27,57","-0,86%"
"IGTA3","IGTA3","1.643.400","33,13","+0,18%"
"JPSA3","JPSA3","100.100","29,02","+1,75%"
"BRDT3","BRDT3","24.483.500","22,03","-5,17%"
"JBDU4","JBDU4","2.556.100","1,36","+3,82%"
"JBDU3","JBDU3","1.890.100","3,12","+9,09%"
"HGTX3","Hering","7.519.800","37,50","-2,65%"
"CCPR3","CCPR3","328.200","10,16","-4,51%"
"DTEX3","DTEX3","2.867.800","20,63","-3,10%"
"VVAR3","VVAR3","64.987.000","11,30","-6,38%"
"PNVL4","Dimed","2.000","18,62","-2,67%"
"TESA3","Terra Santa","41.100","48,00","-2,74%"
"BTOW3","BTOW3","11.169.600","68,00","+4,15%"
"LINX3","Linx","8.510.000","37,40","-0,27%"
"BTTL3","BTTL3","6.100","19,72","-2,33%"
"GPCP3","GPCP3","698.100","49,00","-3,92%"
"GPCP4","GPCP4","5.300","45,51","-1,30%"
"SMLS3","Smiles","1.944.100","22,40","-1,71%"
"MMXM3","MMX Mineração","1.240.300","14,00","-30,35%"
"BSEV3","Biosev","528.800","9,00","+8,43%"
"CNTO3","CNTO3","2.083.600","28,08","+4,78%"
"TIET4","AES Tietê Energia","323.700","3,51","+1,15%"
"TIET3","AES Tietê Energia","169.100","3,49","+0,87%"
"CORR4","Corrêa Ribeiro","100","82,00","+18,84%"
"CEPE3","CELPE","1.300","128,00","+85,32%"
"CALI4","Adolpho Lindenberg","100","50,00","+4,17%"
"SNSY6","Sansuy","100","11,51","+4,64%"
"CASN4","CASAN","100","10,00","-16,67%"
"EMAE3","EMAE","100","26,01","+33,25%"
"BPAR3","Banpará","100","182,07","+20,58%"
"APTI4","Aliperti","200","3.500,00","-61,96%"
"VSPT3","FCA","1.000.000","4.999.999,50","+114,29%"
"MTIG3","Metalgráfica Iguaçu","400","156,30","+29,60%"
"FIGE4","Investimentos Bemge","100","38,01","-4,97%"
"LUXM3","Trevisa","200","2,50","+8,23%"
"TKNO3","Tekno","100","85,79","+10,64%"
"COCE6","Coelce","100","35,00","+16,63%"
"MGEL3","Mangels","100","75,00","+8,70%"
"CTSA8","Santanense","2.000","1,00","+0,00%"
"MMAQ4","Minasmáquinas","14","200,06","-28,55%"
