Names,Country,Year,Links
Produzindo Certo - Grupo IV corn,Brazil,2024,https://responsiblesoy.org/wp-content/uploads/2024/12/2024_Informe-Publico_Produzindo-Certo-Grupo-IV.pdf
Produzindo Certo - Grupo IV,Brazil,2024,https://responsiblesoy.org/wp-content/uploads/2024/12/2024_Informe-Publico_Produzindo-Certo-Grupo-IV.pdf
CJ Selecta Grupo de Produtores,Brazil,2024,https://responsiblesoy.org/wp-content/uploads/2024/12/2024_Informe-Publico_CJ-Selecta-Grupo-de-Productores.pdf
Agropastoril Jotabasso Ltda. - Fazenda Verde,Brazil,2024,https://responsiblesoy.org/wp-content/uploads/2024/11/2024_Informe-Publicol_Agropastoril-Jotabasso-Ltda.-Fazenda-Verde.pdf
Louis Dreyfus Company - LDC Sorriso,Brazil,2024,https://responsiblesoy.org/wp-content/uploads/2024/11/2024_Informe-Publico_Louis-Dreyfus-Company-LDC-Sorriso.pdf
Grupo de Produtores Louis Dreyfus (LDC) – Bom Futuro,Brazil,2024,https://responsiblesoy.org/wp-content/uploads/2024/11/2024_Informe-Publico_Grupo-de-Produtores-Louis-Dreyfus-LDC-–-Bom-futuro.pdf
Associação Clube Amigos da Terra – CAT Sorriso II (corn),Brazil,2024,https://responsiblesoy.org/wp-content/uploads/2024/10/2024_Informe-Publico_Associacao-Clube-Amigos-da-Terra-–-CAT-Sorriso-II.pdf
Associação Clube Amigos da Terra – CAT Sorriso II,Brazil,2024,https://responsiblesoy.org/wp-content/uploads/2024/10/2024_Informe-Publico_Associacao-Clube-Amigos-da-Terra-–-CAT-Sorriso-II.pdf
Fazenda São João Batista,Brazil,2024,https://responsiblesoy.org/wp-content/uploads/2024/10/2024_Informe-Publico_Sao-Joao-Batista-1.pdf
Agrex do Brasil LTDA,Brazil,2024,https://responsiblesoy.org/wp-content/uploads/2024/10/2024_Informe-publico_Agrex-do-Brasil.pdf
Produzindo Certo - Konageski,Brazil,2024,https://responsiblesoy.org/wp-content/uploads/2024/10/2024_Informe-Publico_Produzindo-Certo-Konageski.pdf
Produzindo Certo - Konageski (corn),Brazil,2024,https://responsiblesoy.org/wp-content/uploads/2024/10/2024_Informe-Publico_Produzindo-Certo-Konageski.pdf
Grupo JCN - José Izidoro Corso e Outros - Milho,Brazil,2024,https://responsiblesoy.org/wp-content/uploads/2024/10/2024_Informe-Publico_Grupo-JCN-Jose-Izidoro-Corso-e-Outros.pdf
Grupo JCN - José Izidoro Corso e Outros,Brazil,2024,https://responsiblesoy.org/wp-content/uploads/2024/10/2024_Informe-Publico_Grupo-JCN-Jose-Izidoro-Corso-e-Outros.pdf
Fazenda Rio Verdinho da Barra Grande - Maiz,Brazil,2024,https://responsiblesoy.org/wp-content/uploads/2024/09/2024_Informe-Publico_Fazenda-Rio-Verdinho-da-Barra-Grande-N.pdf
Fazenda Rio Verdinho da Barra Grande,Brazil,2024,https://responsiblesoy.org/wp-content/uploads/2024/09/2024_Informe-Publico_Fazenda-Rio-Verdinho-da-Barra-Grande-N.pdf
Eswalter Zanetti Junior e Outros,Brazil,2024,https://responsiblesoy.org/wp-content/uploads/2024/09/2024_Informe-Publico_Eswalter-Zanetti-e-Outros-Faz.-Modelo-1.pdf
Amaggi Exportação e Importação Ltda,Brazil,2024,https://responsiblesoy.org/wp-content/uploads/2024/09/2024_Informe-Publico_Amaggi-Exportacao-e-Importacao-Ltda.pdf
Fapcen - corn,Brazil,2024,https://responsiblesoy.org/wp-content/uploads/2024/08/2024_Informe-Publico_FAPCEN.pdf
Fapcen,Brazil,2024,https://responsiblesoy.org/wp-content/uploads/2024/08/2024_Informe-Publico_FAPCEN.pdf
Bunge Alimentos S.A - Grupo II,Brazil,2024,https://responsiblesoy.org/wp-content/uploads/2024/08/2024_Informe-Publico_Bunge-SA-Grupo-II-1.pdf
Agropecuaria Crestani LTDA,Brazil,2024,https://responsiblesoy.org/wp-content/uploads/2024/08/2024_Informe-Publico_Agropecuaria-Crestani-LTDA.pdf
Nogalnotte S.A.,Brazil,2024,https://responsiblesoy.org/wp-content/uploads/2024/07/2024_Informe-Publico_Nogalnotte-SA.pdf
Fazenda Nossa Senhora Aparecida - Milho,Brazil,2024,https://responsiblesoy.org/wp-content/uploads/2024/07/2024_Informe-Publico_Fazenda-Nossa-Senhora-Aparecida.pdf
Fazenda Nossa Senhora Aparecida,Brazil,2024,https://responsiblesoy.org/wp-content/uploads/2024/07/2024_Informe-Publico_Fazenda-Nossa-Senhora-Aparecida.pdf
Fazendas Indaia - Darci Agostinho Boff e Outros (milho),Brazil,2024,https://responsiblesoy.org/wp-content/uploads/2024/07/2024_Informe-Publico_Fazendas-Indaia-Darci-Agostinho-Boff-e-Outros.pdf
Fazendas Indaia - Darci Agostinho Boff e Outros,Brazil,2024,https://responsiblesoy.org/wp-content/uploads/2024/07/2024_Informe-Publico_Fazendas-Indaia-Darci-Agostinho-Boff-e-Outros.pdf
Dos Ríos S.A.A.I.,Brazil,2024,https://responsiblesoy.org/wp-content/uploads/2024/07/2024_Informe-Publico_Dos-Rios-SAAI.pdf
Cataratas do Iguaçu produtos orgânicos LTDA - Gebana Grupo Sul NGMO,Brazil,2024,https://responsiblesoy.org/wp-content/uploads/2024/07/2024_Informe-Publico_Gebana-Grupo-SUL.pdf
Saag Comercial Exportadora Ltda,Brazil,2024,https://responsiblesoy.org/wp-content/uploads/2024/06/2024_Informe-Public_Saag-Comercial-Exportadora-Ltda.pdf
Weimar Marchesi de Amorim - Milho,Brazil,2024,https://responsiblesoy.org/wp-content/uploads/2024/06/2024_Informe-Publico_Weimar-Marchesi-de-Amorim.pdf
Weimar Marchesi de Amorim,Brazil,2024,https://responsiblesoy.org/wp-content/uploads/2024/06/2024_Informe-Publico_Weimar-Marchesi-de-Amorim.pdf
Cooperativa Agraria Agroindustrial - maiz,Brazil,2024,https://responsiblesoy.org/wp-content/uploads/2024/05/2024_Informe-Publico_Cooperativa-Agraria-Agroindustrial.pdf
Cooperativa Agraria Agroindustrial,Brazil,2024,https://responsiblesoy.org/wp-content/uploads/2024/05/2024_Informe-Publico_Cooperativa-Agraria-Agroindustrial.pdf
Grupo Schlatter Walter Schlatter e Outros - corn,Brazil,2024,https://responsiblesoy.org/wp-content/uploads/2024/05/2024_Informe-Publico_Grupo-Schlatter-Walter-Schlatter-e-Outros.pdf
Grupo Schlatter Walter Schlatter e Outros,Brazil,2024,https://responsiblesoy.org/wp-content/uploads/2024/05/2024_Informe-Publico_Grupo-Schlatter-Walter-Schlatter-e-Outros.pdf
Sementes Produtiva LTDA - maiz,Brazil,2024,https://responsiblesoy.org/wp-content/uploads/2024/04/2024_Informe-Publico_Sementes-Produtiva-LTDA.pdf
Sementes Produtiva LTDA,Brazil,2024,https://responsiblesoy.org/wp-content/uploads/2024/04/2024_Informe-Publico_Sementes-Produtiva-LTDA.pdf
Agropecuária Andrade - corn,Brazil,2023,https://responsiblesoy.org/wp-content/uploads/2024/04/2023_Informe-Publico_Agropecuaria-Andrade.pdf
Agropecuária Andrade,Brazil,2023,https://responsiblesoy.org/wp-content/uploads/2024/04/2023_Informe-Publico_Agropecuaria-Andrade.pdf
Fazenda Santa Cruz - corn,Brazil,2024,https://responsiblesoy.org/wp-content/uploads/2024/04/2024_Informe-Publico_Santa-Cruz.pdf
Fazenda Santa Cruz,Brazil,2024,https://responsiblesoy.org/wp-content/uploads/2024/04/2024_Informe-Publico_Santa-Cruz.pdf
Produzindo Certo-Castrolanda II (milho),Brazil,2023,https://responsiblesoy.org/wp-content/uploads/2024/04/2023_Informe-Publico_Produzindo-Certo_Castrolanda-II.pdf
Produzindo Certo_Castrolanda II,Brazil,2023,https://responsiblesoy.org/wp-content/uploads/2024/04/2023_Informe-Publico_Produzindo-Certo_Castrolanda-II.pdf
GMS Agronegócio Ltda - corn,Brazil,2023,https://responsiblesoy.org/wp-content/uploads/2024/04/2023_Informe-Publico_GMS-Agronegocio-Ltda.pdf
GMS Agronegócio Ltda,Brazil,2023,https://responsiblesoy.org/wp-content/uploads/2024/04/2023_Informe-Publico_GMS-Agronegocio-Ltda.pdf
Petrovina Sementes LTDA,Brazil,2023,https://responsiblesoy.org/wp-content/uploads/2024/04/2023_Informe-Publico_Petrovina-Sementes-LTDA.pdf
Grupo Horita,Brazil,2023,https://responsiblesoy.org/wp-content/uploads/2024/03/2023_Informe-Publico_Grupo-Horita-2.pdf
Produzindo Certo - ACT (corn),Brazil,2024,https://responsiblesoy.org/wp-content/uploads/2024/03/2024_Informe-Publico_Produzindo-Certo-–-ACT.pdf
Produzindo Certo – ACT,Brazil,2024,https://responsiblesoy.org/wp-content/uploads/2024/03/2024_Informe-Publico_Produzindo-Certo-–-ACT.pdf
Cerquality Consultoria em Sustentabilidade e Certificação LTDA Grupo I,Brazil,2023,https://responsiblesoy.org/wp-content/uploads/2024/03/2023_Public-Summary_Cerquality-Consultoria-em-Sustentabilidade-e-Certificacao-LTDA-Grupo-I.pdf
GGF Agro LTDA (corn),Brazil,2023,https://responsiblesoy.org/wp-content/uploads/2024/03/2023_Informe-Publico_GGF-Agro.pdf
GGF Agro LTDA,Brazil,2023,https://responsiblesoy.org/wp-content/uploads/2024/03/2023_Informe-Publico_GGF-Agro.pdf
Louis Dreyfus Company(LDC) – Grupo GO,Brazil,2023,https://responsiblesoy.org/wp-content/uploads/2024/03/2023_Informe-Publico_LDC-Goias-maiz.pdf
Fazenda Santa Terezinha - corn,Brazil,2023,https://responsiblesoy.org/wp-content/uploads/2024/03/2023_Informe-Publico_Fazenda-Santa-Terezinha.pdf
Fazenda Santa Terezinha,Brazil,2023,https://responsiblesoy.org/wp-content/uploads/2024/03/2023_Informe-Publico_Fazenda-Santa-Terezinha.pdf
Fazenda Vendramin,Brazil,2023,https://responsiblesoy.org/wp-content/uploads/2024/02/2023_Informe-Publico_Fazenda-Vendramin.pdf
Agro Maggioni,Brazil,2023,https://responsiblesoy.org/wp-content/uploads/2024/02/2023_Informe-Publico_AgroMaggioni.pdf
Grupo Hervalense,Brazil,2023,https://responsiblesoy.org/wp-content/uploads/2024/02/2023_Informe-Publico_Grupo-Hervalense.pdf
Fundação de Apoio à Pesquisa do Corredor de Exportação Norte “Irineu Alcides Bays” – Fapcen Grupo 4 - corn,Brazil,2023,https://responsiblesoy.org/wp-content/uploads/2024/02/2023_Informe-Publico_Fapcen-Grupo-IV.pdf
Fundação de Apoio à Pesquisa do Corredor de Exportação Norte “Irineu Alcides Bays” - Fapcen Grupo 4,Brazil,2023,https://responsiblesoy.org/wp-content/uploads/2024/02/2023_Informe-Publico_Fapcen-Grupo-IV.pdf
Produzindo Certo Grupo IV - milho,Brazil,2023,https://responsiblesoy.org/wp-content/uploads/2024/02/2023_Informe-Publico_Produzindo-Certo-Grupo-IV-Milho.pdf
Grupo de Produtores CJ Selecta,Brazil,2023,https://responsiblesoy.org/wp-content/uploads/2024/02/2023_Informe-Publico_Grupo-de-productores-CJ-Selecta.pdf
Girassol Agricola LTDA,Brazil,2023,https://responsiblesoy.org/wp-content/uploads/2024/01/2023_Reporte-Publico_Girassol-Agricola-LTDA.pdf
Fazenda Modelo (Eswalter Zanetti e Outros),Brazil,2023,https://responsiblesoy.org/wp-content/uploads/2024/01/2023_Informe-Publico_Fazenda-Modelo-Eswalter-Zanetti.pdf
Produzindo Certo–Grupo Castrolanda,Brazil,2023,https://responsiblesoy.org/wp-content/uploads/2024/01/2023_Informe-Publico_Produzindo-certo-Castrolanda-I.pdf
Associação Clube Amigos da Terra CAT Sorriso Group II - corn,Brazil,2023,https://responsiblesoy.org/wp-content/uploads/2024/01/2023_Informe-Publico_CAT-Sorriso-Group-II.pdf
Associação Clube Amigos da Terra CAT Sorriso Group II,Brazil,2023,https://responsiblesoy.org/wp-content/uploads/2024/01/2023_Informe-Publico_CAT-Sorriso-Group-II.pdf
Produzindo Certo - Grupo IV,Brazil,2023,https://responsiblesoy.org/wp-content/uploads/2023/12/2023_Informe-Publico_Produzindo-Certo-Grupo-IV.pdf
Bunge Alimentos - Grupo de Productores Bunge (corn),Brazil,2023,https://responsiblesoy.org/wp-content/uploads/2023/12/2023_Informe-Publico_Bunge-Alimentos-S.A.pdf
Bunge Alimentos - Grupo de Productores Bunge,Brazil,2023,https://responsiblesoy.org/wp-content/uploads/2023/12/2023_Informe-Publico_Bunge-Alimentos-S.A.pdf
Amaggi Exp Imp Ltda–Grupo III,Brazil,2023,https://responsiblesoy.org/wp-content/uploads/2023/12/2023_Informe-Publico_Amaggi-Exp-Imp-Ltda–Grupo-III.pdf
Louis Dreyfus Company – Bom Futuro Agrícola LTDA (milho),Brazil,2023,https://responsiblesoy.org/wp-content/uploads/2023/12/2023_Informe-Publico_Loius-Dreyfus-Company-LDC-–-Grupo-GO.pdf
Loius Dreyfus Company (LDC) – Grupo GO,Brazil,2023,https://responsiblesoy.org/wp-content/uploads/2023/12/2023_Informe-Publico_Loius-Dreyfus-Company-LDC-–-Grupo-GO.pdf
Inacio Carlos Urban e outros - (Fazenda Pirulito),Brazil,2023,https://responsiblesoy.org/wp-content/uploads/2023/12/2023_Informe-Publico_Inacio-Carlos-Urban-e-outros-Fazenda-Pirulito.pdf
SLC Agricola S.A - Group Terra II Santa (corn),Brazil,2023,https://responsiblesoy.org/wp-content/uploads/2023/12/2023_Informe-Publico_SLC-Group-II.pdf
SLC Agricola S.A - Group Terra II Santa,Brazil,2023,https://responsiblesoy.org/wp-content/uploads/2023/12/2023_Informe-Publico_SLC-Group-II.pdf
Fazenda São João Batista (maiz),Brazil,2023,https://responsiblesoy.org/wp-content/uploads/2023/12/2023_Informe-publico_Sao-Joao-Batista.pdf
Fazenda São João Batista,Brazil,2023,https://responsiblesoy.org/wp-content/uploads/2023/12/2023_Informe-publico_Sao-Joao-Batista.pdf
Cerquality Consultoria em Sustentabilidade e Certificação LTDA - Grupo IV,Brazil,2023,https://responsiblesoy.org/wp-content/uploads/2023/12/2023_Informe-Publico_Cerquality-Group-IV.pdf
Cerquality Consultoria em Sustentabilidade e Certificação LTDA - Grupo III,Brazil,2023,https://responsiblesoy.org/wp-content/uploads/2023/12/2023_Informe-Publico_Cerquality-Group-III.pdf
Bunge Alimentos S.A - Grupo II (corn),Brazil,2023,https://responsiblesoy.org/wp-content/uploads/2023/11/2023_Informe-Publico_Bunge-S.A-Grupo-II.pdf
SLC Agricola S.A. (milho),Brazil,2023,https://responsiblesoy.org/wp-content/uploads/2023/11/2023_Informe-Publico_SLC-Agricola.pdf
SLC Agricola S.A,Brazil,2023,https://responsiblesoy.org/wp-content/uploads/2023/11/2023_Informe-Publico_SLC-Agricola.pdf
Associação Clube Amigos da Terra CAT Sorriso - Milho,Brazil,2023,https://responsiblesoy.org/wp-content/uploads/2023/11/2023_-Informe-Publico_Associacao-Clube-Amigos-da-Terra-CAT-Sorriso-corn.pdf
Fazenda Verde Agropastoril Jotabasso Ltda,Brazil,2023,https://responsiblesoy.org/wp-content/uploads/2023/11/2023_Informe-Publico_Fazenda-Verde-Jotabasso.pdf
Associação Clube Amigos da Terra CAT Sorriso,Brazil,2023,https://responsiblesoy.org/wp-content/uploads/2023/11/2023_Informe-Publico_Associacao-Clube-Amigos-da-Terra-CAT-Sorriso.pdf
Agropecuaria Crestani LTDA,Brazil,2023,https://responsiblesoy.org/wp-content/uploads/2023/10/2023_Informe-Publico_Agropecuaria-Crestani.pdf
Fazenda Pau Furado - Milho,Brazil,2023,https://responsiblesoy.org/wp-content/uploads/2023/10/2023_Informe-Publico_Fazenda-Pau-Furado.pdf
Fazenda Pau Furado,Brazil,2023,https://responsiblesoy.org/wp-content/uploads/2023/10/2023_Informe-Publico_Fazenda-Pau-Furado.pdf
Louis Dreyfus Company – Bom Futuro Agrícola LTDA,Brazil,2023,https://responsiblesoy.org/wp-content/uploads/2023/10/Relatorio-de-Resumo-Publico-Esquema-de-Certificacao-RTRS-Bom-Futuro-2023-1.pdf
Cataratas do Iguaçu produtos orgânicos LTDA - Gebana Grupo Sul NGMO,Brazil,2023,https://responsiblesoy.org/wp-content/uploads/2023/09/2023_Informe-Publico_Cataratas-do-Iguacu-produtos-organicos-LTDA-Gebana-Grupo-Sul.pdf
Cataratas do Iguaçu produtos orgânicos LTDA - Gebana Paraguay NGMO,Brazil,2023,https://responsiblesoy.org/wp-content/uploads/2023/09/2023_Informe-Publico_Cataratas-do-Iguacu-produtos-organicos-LTDA-Gebana-Paraguay.pdf
FAPCEN - Corn,Brazil,2023,https://responsiblesoy.org/wp-content/uploads/2023/09/2023_Informe-Publico_Fapcen.pdf
FAPCEN,Brazil,2023,https://responsiblesoy.org/wp-content/uploads/2023/09/2023_Informe-Publico_Fapcen.pdf
Amaggi Exportação e Importação Ltda,Brazil,2023,https://responsiblesoy.org/wp-content/uploads/2023/08/2023-RTRS-CUC-Amaggi-Commodities-EU.pdf
Saag Comercial Exportadora Ltda,Brazil,2023,https://responsiblesoy.org/wp-content/uploads/2023/08/2023_Informe-Publico_Saag-Comercial-Exportadora-Ltda.pdf
Fazenda Nossa Senhora Aparecida - Maiz,Brazil,2023,https://responsiblesoy.org/wp-content/uploads/2023/08/2023_Informe-Publico_Fazenda-Nossa-Senhora-Aparecida.pdf
Fazenda Nossa Senhora Aparecida,Brazil,2023,https://responsiblesoy.org/wp-content/uploads/2023/08/2023_Informe-Publico_Fazenda-Nossa-Senhora-Aparecida.pdf
Agrex do Brasil,Brazil,2022,https://responsiblesoy.org/wp-content/uploads/2023/06/Agrex-2023-Informe-publico_Final_1.pdf
Cerquality Grupo I (Audit IV),Brazil,2023,https://responsiblesoy.org/wp-content/uploads/2023/06/2023_Informe-Publico_Cerquality-Grupo-I-audit-IV.pdf
Cooperativa Agraria Agroindustrial - Maiz,Brazil,2022,https://responsiblesoy.org/wp-content/uploads/2023/06/GC-FORM-IT-016-06-Relatorio-Resumo-Publico_r3_AGRARIA_23-05-2023-1.pdf
Cooperativa Agraria Agroindustrial,Brazil,2022,https://responsiblesoy.org/wp-content/uploads/2023/06/GC-FORM-IT-016-06-Relatorio-Resumo-Publico_r3_AGRARIA_23-05-2023-1.pdf
Cerquality Consultoria em Sustentabilidade e Certificação LTDA – Grupo III (Nov),Brazil,2022,https://responsiblesoy.org/wp-content/uploads/2023/05/2022-Informe-Publico-Cerquality-Group-III.pdf
Cerquality Consultoria em Sustentabilidade e Certificação LTDA Grupo I,Brazil,2022,https://responsiblesoy.org/wp-content/uploads/2023/05/2022_Informe-Publico_Cerquality-Grupo-I-audit-III.pdf
Produzindo Certo – Grupo Comigo,Brazil,2022,https://responsiblesoy.org/wp-content/uploads/2023/05/2022_Informe-Publico_Alianca-da-Terra-SA-Grupo-Comigo.pdf
Grupo Horita,Brazil,2022,https://responsiblesoy.org/wp-content/uploads/2023/04/2022_Informe-Publico_Grupo-Horita.pdf
Don Pío S.R.L.,Brazil,2023,https://responsiblesoy.org/wp-content/uploads/2023/04/Informe_Publico_de_Certificacion_Don-P°o-SRL-seguimiento-4-2023-FINAL-MSW.pdf
Cataratas do Iguaçu Produtos Orgânicos LTDA - Fazenda Santa Barbara,Brazil,2022,https://responsiblesoy.org/wp-content/uploads/2023/04/Relatorio-Resumo-Publico-RTRS-3.pdf
Fundação de Apoio à Pesquisa do Corredor de Exportação Norte “Irineu Alcides Bays” - Fapcen Grupo 4,Brazil,2022,https://responsiblesoy.org/wp-content/uploads/2023/04/2022-Fapcen-G4-Public-Summary-initial-1.pdf
Fazenda Santa Cruz,Brazil,2023,https://responsiblesoy.org/wp-content/uploads/2023/04/GC-FORM-IT-016-06-Relatorio-Resumo-Publico_Santa-Cruz_2023.pdf
Fazenda Santa Cruz - Corn,Brazil,2023,https://responsiblesoy.org/wp-content/uploads/2023/04/GC-FORM-IT-016-06-Relatorio-Resumo-Publico_Santa-Cruz_2023.pdf
Weimar Marchesi de Amorim,Brazil,2023,https://responsiblesoy.org/wp-content/uploads/2023/03/Relatorio-de-Resumo-Publico-Programa-de-Certificacao-RTRS-Weimar-M-Amorim-Faz-Serra-da-Pintura-1.pdf
Tecnosol Consultoria Rural LTDA,Brazil,2022,https://responsiblesoy.org/wp-content/uploads/2023/03/Relatorio-de-Resumo-Publico-Programa-de-Certificacao-RTRS-2.pdf
Agropecuaria Andrade,Brazil,2022,https://responsiblesoy.org/wp-content/uploads/2023/02/GC-FORM-IT-016-06-Relatorio-Resumo-Publico_r3-Agropecuaria-Andrade-5.pdf
Agropecuária Andrade - Maíz,Brazil,2022,https://responsiblesoy.org/wp-content/uploads/2023/02/GC-FORM-IT-016-06-Relatorio-Resumo-Publico_r3-Agropecuaria-Andrade-5.pdf
GGF Agro LTDA - Maíz,Brazil,2022,https://responsiblesoy.org/wp-content/uploads/2023/02/2022-GGF-Agro-Public-Summary-3-surveillance-2.pdf
GGF Agro LTDA,Brazil,2022,https://responsiblesoy.org/wp-content/uploads/2023/02/2022-GGF-Agro-Public-Summary-3-surveillance-2.pdf
ADM do Brasil -Grupo Mato Grosso do Sul,Brazil,2022,https://responsiblesoy.org/wp-content/uploads/2023/02/2022-ADM-Grupo-MS-Public-Summary-Initial.pdf
Cerquality Consultoria em Sustentabilidade e Certificação LTDA Grupo I,Brazil,2022,https://responsiblesoy.org/wp-content/uploads/2023/02/2022-Public-Sumarry-Cerquality-G1-surveillance-1.pdf
Cerquality Consultoria em Sustentabilidade e Certificação LTDA - Grupo IV,Brazil,2022,https://responsiblesoy.org/wp-content/uploads/2023/01/2022_Informe-Publico_CerQuality-IV-2.pdf
GMS Agronegócio Ltda,Brazil,2022,https://responsiblesoy.org/wp-content/uploads/2023/01/2022-Resumo-Publico-GMS-Agro.pdf
Produzindo Certo – Grupo Castrolanda II,Brazil,2022,https://responsiblesoy.org/wp-content/uploads/2022/12/Castrolanda-II-Relatorio-de-Resumo-Publico-2022-1.pdf
Produzindo Certo–Grupo Castrolanda,Brazil,2022,https://responsiblesoy.org/wp-content/uploads/2022/12/Castrolanda-Relatorio-Resumo-Publico-RTRS-2022-2.pdf
Girassol Agrícola Ltda,Brazil,2022,https://responsiblesoy.org/wp-content/uploads/2022/12/2022-Resumo-Publico-Girassol-Agricola.pdf
Fazenda Modelo (Eswalter Zanetti e Outros),Brazil,2022,https://responsiblesoy.org/wp-content/uploads/2022/12/2022-875207-Public-Summary-2-surveillance-Fazenda-modelo.pdf
Agropastoril Jotabasso Ltda-Fazenda Verde,Brazil,2022,https://responsiblesoy.org/wp-content/uploads/2022/12/2022-875353-Public-Summary-2-surveillance-1.pdf
Amaggi Exp Imp Ltda–Grupo III,Brazil,2022,https://responsiblesoy.org/wp-content/uploads/2023/02/Relatorio-de-Resumo-Publico-Programa-de-Certificacao-RTRS-Prod-Amaggi-Parecis-III-2022_Revisado.pdf
Aliança da Terra Grupo IV,Brazil,2022,https://responsiblesoy.org/wp-content/uploads/2022/12/FORM-IT-004-05R04-Relatorio-de-Resumo-Publico-Programa-de-Certificacao-RTRS-Alianca-da-Terra-IV-2022.pdf
Grupo Hervalense,Brazil,2022,https://responsiblesoy.org/wp-content/uploads/2022/12/2022-Resumo-Publico-Grupo-Hervalense-1.pdf
Grupo de Produtores CJ Selecta,Brazil,2022,https://responsiblesoy.org/wp-content/uploads/2022/11/Relatorio-de-Resumo-Publico-Programa-de-Certificacao-RTRS_CJ-Selecta-RF-CD-1.pdf
Wellington Pereira Lima - Gebana Goias,Brazil,2022,https://responsiblesoy.org/wp-content/uploads/2022/11/2022-Resumo-Publico-Wellington-Gebana-Goias-1.pdf
Saag Comercial Exportadora Ltda - No-GMO,Brazil,2022,https://responsiblesoy.org/wp-content/uploads/2022/11/2022-SAAG-PRJ-827897-Public-summary-4-monitoramento.pdf
Saag Comercial Exportadora Ltda,Brazil,2022,https://responsiblesoy.org/wp-content/uploads/2022/11/2022-SAAG-PRJ-827897-Public-summary-4-monitoramento.pdf
SLC Agrícola S.A - Maiz,Brazil,2022,https://responsiblesoy.org/wp-content/uploads/2022/11/GC-FORM-IT-016-06-Relatorio-Resumo-Publico_SLC-20-10-2022-1.pdf
SLC Agrícola S.A.,Brazil,2022,https://responsiblesoy.org/wp-content/uploads/2022/11/GC-FORM-IT-016-06-Relatorio-Resumo-Publico_SLC-20-10-2022-1.pdf
ADM do Brasil - Fazenda Perdigão,Brazil,2022,https://responsiblesoy.org/wp-content/uploads/2022/11/2022-Resumo-Publico-Fazenda-Perdigao.pdf
Louis Dreyfus Company – Bom Futuro Agrícola LTDA,Brazil,2022,https://responsiblesoy.org/wp-content/uploads/2022/11/Relatorio-Resumo-Publico-RTRS_LDC.pdf
Agrosoy S.A,Brazil,2022,https://responsiblesoy.org/wp-content/uploads/2022/10/2022-Agrosoy-Public-Summary-2-monitoring-1.pdf
Associação Clube Amigos da Terra – CAT Sorriso,Brazil,2022,https://responsiblesoy.org/wp-content/uploads/2022/10/Relatorio-Resumo-Publico-RTRS_Grupo-CAT-Sorriso_2022-1.pdf
SLC Agricola S.A. - Group II Terra Santa,Brazil,2022,https://responsiblesoy.org/wp-content/uploads/2022/10/GC-FORM-IT-016-06-Relatorio-Resumo-Publico_Terra-Santa_SLC-4.pdf
Grupo Reinhofer,Brazil,2022,https://responsiblesoy.org/wp-content/uploads/2022/08/2021_Informe-Publico_Grupo-Reinhofer.pdf
Cerquality Consultoria em Sustentabilidade e Certificação LTDA - Grupo IV,Brazil,2022,https://responsiblesoy.org/wp-content/uploads/2022/09/2022_Informe-Publico_CerQuality-IV.pdf
Fazenda Pau Furado,Brazil,2022,https://responsiblesoy.org/wp-content/uploads/2022/09/2022_Informe-Publico_Fazenda-Pau-Furado.pdf
FAPCEN,Brazil,2022,https://responsiblesoy.org/wp-content/uploads/2022/09/2022_Informe-Publico_FAPCEN-Grupo-I.pdf
Amaggi Exp Imp Ltda–Grupo Parecis II,Brazil,2022,https://responsiblesoy.org/wp-content/uploads/2023/02/Relatorio-RTRS-Prod_Amaggi-Parecis-II_2022_LG-CD_revisado.pdf
Bunge Alimentos - Grupo de Productores Bunge,Brazil,2022,https://responsiblesoy.org/wp-content/uploads/2022/07/2022_Informe-Publico_Bunge-Alimentos-S.A-–-Grupo-de-Produtores-Bunge-2.pdf
Inacio Carlos Urban e outros - (Fazenda Pirulito),Brazil,2022,https://responsiblesoy.org/wp-content/uploads/2022/06/2022_Informe-Publico_Inacio-Carlos-Urban-e-outros-Fazenda-Pirulito.pdf
Fazenda São João Batista,Brazil,2022,https://responsiblesoy.org/wp-content/uploads/2022/06/2022_Informe-Publico_Fazenda-Sao-Joao-Batista.pdf
Fazenda Santa Cruz,Brazil,2022,https://responsiblesoy.org/wp-content/uploads/2022/06/2022_Informe-Publico_Fazenda-Santa-Cruz.pdf
Cataratas do Iguaçu Produtos Orgânicos- Ltda – Gebana Brasil (Grupo Filipini),Brazil,2022,https://responsiblesoy.org/wp-content/uploads/2022/06/2022_Informe-Publico_Cataratas-do-Iguacu-Produtos-Organicos-Ltda-–-Gebana-Brasil-Grupo-Filipini.pdf
AgroSB Agropecuária S.A.,Brazil,2022,https://responsiblesoy.org/wp-content/uploads/2022/05/2022_Informe-Publico_AgroSB-Agropecuaria-S.A..pdf
Amaggi Commodities EU RED,Brazil,2022,https://responsiblesoy.org/wp-content/uploads/2022/05/2022_Informe-Publico_Amaggi-EU-RED-Commodities.pdf
Louis Dreyfus Company - LDC Sorriso,Brazil,2022,https://responsiblesoy.org/wp-content/uploads/2022/05/2022_Informe-Publico_Louis-Dreyfus-Company-LDC-Sorriso.pdf
Cataratas do Iguaçu Produtos Orgânicos Ltda - Gebana Brasil,Brazil,2022,https://responsiblesoy.org/wp-content/uploads/2022/04/2022_Informe-Publico_Cataratas-do-Iguacu-Produtos-Organicos-Gebana-Brasil.pdf
Fazenda Nossa Senhora Aparecida,Brazil,2021,https://responsiblesoy.org/wp-content/uploads/2022/03/2021_Informe-Publico_Fazenda-Nossa-Senhora-Aparecida.pdf
Amaggi Exp. e Imp. Ltda – Grupo Parecis II,Brazil,2021,https://responsiblesoy.org/wp-content/uploads/2022/02/2021_Informe-Publico_Amaggi-Exp-Imp-Ltda–Grupo-Parecis-II-EU-REDII-.pdf
Bom Jesus Agropecuaria LTDA - Fazenda Mirandópolis,Brazil,2021,https://responsiblesoy.org/wp-content/uploads/2022/01/2021_Informe-Publico_Bom-Jesus-Agropecuaria-Ltda-Fazenda-Mirandopolis.pdf
Fazenda Lagoa Dourada,Brazil,2021,https://responsiblesoy.org/wp-content/uploads/2022/01/2021_Informe-Publico_Fazenda-Lagoa-Dourada.pdf
CRESOL - Estrada de Ferro,Brazil,2021,https://responsiblesoy.org/wp-content/uploads/2022/01/2021_Informe-Publico_CRESOL-Estrada-de-Ferro.pdf
Grupo Hervalense,Brazil,2021,https://responsiblesoy.org/wp-content/uploads/2022/01/2021_Informe-Publico_Grupo-Hervalense.pdf
GGF - Agro LTDA,Brazil,2021,https://responsiblesoy.org/wp-content/uploads/2022/01/2021_Informe-Publico_GGF-Agro-LTDA.pdf
Fazenda Modelo (Eswalter Zanetti e Outros),Brazil,2021,https://responsiblesoy.org/wp-content/uploads/2022/01/2021_Informe-Publico_Fazenda-Modelo.pdf
O Telhar Agropecuária LTDA,Brazil,2021,https://responsiblesoy.org/wp-content/uploads/2022/01/2021_Informe-Publico_O-Telhar-Agropecuaria-Ltda..pdf
Girassol Agrícola Ltda,Brazil,2021,https://responsiblesoy.org/wp-content/uploads/2021/12/2021_Informe-Publico_Fazenda-Girassol.pdf
Fazenda Verde Agropastoril Jatobasso Ltda,Brazil,2021,https://responsiblesoy.org/wp-content/uploads/2021/12/2021_Informe-Publico_Agropastoril-Jotabasso-Ltda.-Fazenda-Verde.pdf
Agrex do Brasil S.A.,Brazil,2021,https://responsiblesoy.org/wp-content/uploads/2021/12/2021_Informe-Publico_Agrex-do-Brasil-S.A..pdf
Amaggi Exp Imp Ltda – Grupo Parecis II,Brazil,2021,https://responsiblesoy.org/wp-content/uploads/2021/12/2021_Informe-Publico_Amaggi-Exp-Imp-Ltda–Grupo-Parecis-II.pdf
Produzindo Certo – Grupo Comigo,Brazil,2021,https://responsiblesoy.org/wp-content/uploads/2021/11/2021_Informe-Publico_Produzindo-Certo-–-Grupo-Comigo.pdf
Saag Comercial Exportadora Ltda no-GMO,Brazil,2021,https://responsiblesoy.org/wp-content/uploads/2021/11/2021_Informe-Publico_Saag-Comercial-Exportadora-Ltda..pdf
Bartira Gestão Agropecuária,Brazil,2021,https://responsiblesoy.org/wp-content/uploads/2021/11/2021_Informe-Publico_Bartira-Gestao-Agropecuaria.pdf
Associação Clube Amigos da Terra CAT Sorriso,Brazil,2021,https://responsiblesoy.org/wp-content/uploads/2021/11/2021_-Informe-Publico_-Associacao-Clube-Amigos-da-Terra-CAT-Sorriso.pdf
Produzindo Certo–Grupo Castrolanda,Brazil,2021,https://responsiblesoy.org/wp-content/uploads/2021/11/2021_Informe-Publico_Produzindo-Certo-Grupo-Castrolanda.pdf
SLC Agrícola,Brazil,2021,https://responsiblesoy.org/wp-content/uploads/2021/10/2021_Informe-Publico_SLC-Agricola.pdf
Fazendas Bartira - non-GMO,Brazil,2021,https://responsiblesoy.org/wp-content/uploads/2021/09/2021_Informe-Publico_Fazendas-Bartira-no-GMO.pdf
Fazendas Bartira,Brazil,2021,https://responsiblesoy.org/wp-content/uploads/2021/09/2021_Informe-Publico_Fazendas-Bartira.pdf
Aliança da Terra - Grupo IV,Brazil,2021,https://responsiblesoy.org/wp-content/uploads/2021/09/2021_Infome-Publico_Alianca-da-Terra-Grupo-IV.pdf
Fazenda Agrícola Dourado S.A.,Brazil,2021,https://responsiblesoy.org/wp-content/uploads/2021/07/2021_Informe-Publico_Fazenda-Agricola-Dourado-S.A..pdf
Amaggi Commodities EU RED,Brazil,2021,https://responsiblesoy.org/wp-content/uploads/2021/06/2021_Informe-Publico_Amaggi-EU-RED-Commodities.pdf
FAPCEN I,Brazil,2021,https://responsiblesoy.org/wp-content/uploads/2021/05/2021_Informe-Publico_FAPCEN-Grupo-I.pdf
FAPCEN III,Brazil,2021,https://responsiblesoy.org/wp-content/uploads/2021/05/2021_Informe-Pubblico_FAPCEN-III.pdf
Cataratas do Iguaçu Produtos Orgânicos Ltda - Gebana Brasil,Brazil,2021,https://responsiblesoy.org/wp-content/uploads/2021/04/2021_Informe-Publico_Cataratas-do-Iguazu-Productos-Organicos-Ltda-Gebana-Brasil.pdf
AgroSB Agropecuária S.A.,Brazil,2021,https://responsiblesoy.org/wp-content/uploads/2021/03/2021_Informe-Publico_AgroSB-Agropecuaria-S.A..pdf
AgroSB Agropecuária S.A.,Brazil,2020,https://responsiblesoy.org/wp-content/uploads/2021/03/2020_Informe-Publico_AgroSB-Agropecuaria-S.A..pdf
Agrex do Brasil S.A.,Brazil,2020,https://responsiblesoy.org/wp-content/uploads/2021/03/2020_Informe-Publico_Agrex-do-Brasil-S.A.-2.pdf
Cerquality Consultoria em Sustentabilidade e Certificação LTDA Grupo I,Brazil,2021,https://responsiblesoy.org/wp-content/uploads/2021/03/2021_Informe-Publico_Cerquality-Consultoria-em-Sustentabilidade-e-Certificacao-LTDA-ME-Grupo-I.pdf
Cerquality Consultoria em Sustentabilidade e Certificação LTDA Grupo I,Brazil,2021,https://responsiblesoy.org/wp-content/uploads/2021/07/2021_Informe-Publico_Cerquality-Consultoria-em-Sustentabilidade-e-Certificacao-LTDA-ME-Grupo-I-real.pdf
Fazenda Nossa Senhora Aparecida,Brazil,2020,https://responsiblesoy.org/wp-content/uploads/2021/03/2020_Informe-Publico_Fazenda-Nossa-Senhora-Aparecida.pdf
Louis Dreyfus Company - LDC Sorriso,Brazil,2020,https://responsiblesoy.org/wp-content/uploads/2021/02/2020_Informe-Publico_LDC.pdf
Fazenda Uirapuru,Brazil,2020,https://responsiblesoy.org/wp-content/uploads/2021/01/2020_Informe-Publico_Fazenda-Uirapuru.pdf
Cerquality Consultoria em Sustentabilidade e Certificação LTDA. Grupo III,Brazil,2021,https://responsiblesoy.org/wp-content/uploads/2021/01/2021_Informe-Publico_Cerquality-Consultoria-em-Sustentabilidade-e-Certificacao-LTDA-ME-Grupo-III.pdf
GGF - Agro LTDA,Brazil,2020,https://responsiblesoy.org/wp-content/uploads/2021/01/2020_Informe-Publico_GGF-Agro-LTDA..pdf
SLC Agricola S.A. - EU RED,Brazil,2020,https://responsiblesoy.org/wp-content/uploads/2021/01/2020_Informe-Publico_SLC-Agricola-S.A.-EU-RED.pdf
SLC Agricola S.A.,Brazil,2020,https://responsiblesoy.org/wp-content/uploads/2021/03/2020-SLC-Informe-4.pdf
O Telhar Agropecuária LTDA,Brazil,2020,https://responsiblesoy.org/wp-content/uploads/2021/01/2020_Informe-Publico_O-Telhrar-Agropecuaria-Ltda.pdf
Fazenda Verde Agropastoril Jotabasso Ltda,Brazil,2020,https://responsiblesoy.org/wp-content/uploads/2021/01/2020_Informe-Publico_-Fazenda-Verde-Agropastoril-Jatobasso-Ltda.pdf
Girassol Agrícola Ltda,Brazil,2020,https://responsiblesoy.org/wp-content/uploads/2020/12/2020_Informe-Publico_Girassol-Agricola-Ltda.pdf
Grupo Hervalense,Brazil,2020,https://responsiblesoy.org/wp-content/uploads/2020/12/2020_Informe-Publico_Grupo-Hervalense.pdf
Fazenda Modelo (Eswalter Zanetti e Outros),Brazil,2020,https://responsiblesoy.org/wp-content/uploads/2020/12/2020_Informe-Publico_Fazenda-Modelo.pdf
CRESOL - Estrada de Ferro,Brazil,2020,https://responsiblesoy.org/wp-content/uploads/2020/12/2020_Informe-Publico_CRESOL-Estrada-de-Ferro.pdf
Fazenda Pau Furado,Brazil,2020,https://responsiblesoy.org/wp-content/uploads/2020/12/2020_Informe-Publico_Fazenda-Pau-Furado.pdf
Fazenda Aurora,Brazil,2020,https://responsiblesoy.org/wp-content/uploads/2020/12/2020_Informe-Publico_Fazenda-Aurora.pdf
Bom Jesus Agropecuaria Ltda,Brazil,2020,https://responsiblesoy.org/wp-content/uploads/2020/12/2020_Informe-Publico_Bom-Jesus-Agropecuaria-Ltda.pdf
Aliança da Terra Gestora - Grupo IV,Brazil,2020,https://responsiblesoy.org/wp-content/uploads/2020/12/2020_Informe-Publico_Alianca-da-Terra.pdf
Associacao Clube Amigos da Terra -CAT Sorriso,Brazil,2020,https://responsiblesoy.org/wp-content/uploads/2020/11/2020_Informe-Publico_Associacao-Clube-de-Amigos-da-Terra-CAT-Sorriso.pdf
Fazenda Agrícola Dourado S.A,Brazil,2020,https://responsiblesoy.org/wp-content/uploads/2021/07/2020_Informe-Publico_-Fazenda-Agricola-Dourado-S.A.-REAL.pdf
Cerquality Consultoria em Sustentabilidade e Certificação LTDA. Grupo III,Brazil,2020,https://responsiblesoy.org/wp-content/uploads/2020/11/2020_Informe-Publico_Cerquality-Consultoria-em-Sustentabilidade-e-Certificacao-LTDA-Grupo-III.pdf
Agricola Xingu S.A,Brazil,2020,https://responsiblesoy.org/wp-content/uploads/2020/10/2020_Informe-Publico_Agricola-Xingu-S.A..pdf
Grupo Reinhofer,Brazil,2020,https://responsiblesoy.org/wp-content/uploads/2020/09/2020-_-Informe-Publico_Grupo_Reinhofer.pdf
Agrex do Brasil S.A.,Brazil,2020,https://responsiblesoy.org/wp-content/uploads/2020/09/2020_Informe-Publico_Agrex-do-Brasil-S.A..pdf
SAAG Comercial Exportadora Ltda. non-GMO,Brazil,2020,https://responsiblesoy.org/wp-content/uploads/2020/08/2020_Informe-Publico_SAAG-Comercial-Exportadora-Ltda.-no-GMO.pdf
SAAG Comercial Exportadora Ltda.,Brazil,2020,https://responsiblesoy.org/wp-content/uploads/2020/08/2020_Informe-Publico_SAAG-Comercial-Exportadora-Ltda..pdf
Amaggi Commodities EU RED,Brazil,2020,https://responsiblesoy.org/wp-content/uploads/2021/03/2020_Informe-Publico_Amaggi-Commodities-EU-RED-2-5.pdf
FAPCEN III,Brazil,2020,https://responsiblesoy.org/wp-content/uploads/2020/07/2020_Informe-Publico_FAPCEN-Grupo-III.2.pdf
FAPCEN,Brazil,2020,https://responsiblesoy.org/wp-content/uploads/2020/07/2020_Informe-Publico_FAPCEN-Grupo-I.pdf
Fazendas Bartira,Brazil,2020,https://responsiblesoy.org/wp-content/uploads/2020/07/2020_Informe-Publico_Fazenda-Bartira.pdf
Cerquality Consultoria em Sustentabilidade e Certificacao LTDA - Grupo I,Brazil,2020,https://responsiblesoy.org/wp-content/uploads/2020/06/2020_Informe-Publico_-Cerquality-Consultoria-em-Sustentabilidade-e-Certificacao-LTDA-Grupo-I.pdf
Louis Dreyfus Company – LDC Sorriso,Brazil,2019,https://responsiblesoy.org/wp-content/uploads/2020/04/2019_Informe-Publico_Louis-Dreyfus-Company-–-LDC-Sorriso.pdf
Agrex do Brasil S.A.,Brazil,2018,https://responsiblesoy.org/wp-content/uploads/2020/04/2018_Informe-Publico_Agrex-do-Brasil.pdf
GGF - Guerino Ferrarin e Outros,Brazil,2020,https://responsiblesoy.org/wp-content/uploads/2020/03/2019_Informe-Publico_GGF-Guerio-Ferrarin-e-Outros-4.pdf
O Telhar Agropecuária LTDA,Brazil,2019,https://responsiblesoy.org/wp-content/uploads/2020/03/2019_Informe-Publico_O-Telhar-Agropecuaria-LTDA.pdf
SLC Agricola SA,Brazil,2019,https://responsiblesoy.org/wp-content/uploads/2021/03/2019-SLC-Informe-1.pdf
Saag Comercial Exportadora Ltda,Brazil,2019,https://responsiblesoy.org/wp-content/uploads/2020/03/2019_Informe-Publico_Saag-Comercial-Exportadora-Ltda.pdf
GGF-Guerio Ferrarin e Outros,Brazil,2019,https://responsiblesoy.org/wp-content/uploads/2020/03/2019_Informe-Publico_GGF-Guerio-Ferrarin-e-Outros-1.pdf
Fazendas Bartira,Brazil,2019,https://responsiblesoy.org/wp-content/uploads/2020/03/2019_Informe-Publico_Fazendas-Bartira.pdf
Fazenda Nossa Senhora Aparecida,Brazil,2019,https://responsiblesoy.org/wp-content/uploads/2020/03/2019_Informe-Publico_Fazenda-Nossa-Senhora-Aparecida.pdf
FAPCEN,Brazil,2019,https://responsiblesoy.org/wp-content/uploads/2020/03/2019_Informe-Publico_FAPCEN-1.pdf
CRESOL Estrada de Ferro,Brazil,2019,https://responsiblesoy.org/wp-content/uploads/2020/03/2019_Informe-Publico_CRESOL.pdf
CerQuality Consultoria em Sustentabilidade e Certificação Ltda Grupo III,Brazil,2019,https://responsiblesoy.org/wp-content/uploads/2020/03/2019_Informe-Publico_Cerquality.pdf
Cataratas do Iguacu Produtos Organicos Ltda - Gebana Brasil,Brazil,2019,https://responsiblesoy.org/wp-content/uploads/2020/03/2019_Informe-Publico_Cataratas-do-Iguacu-Produtos-Organicos-Ltda-Gebana-Brasil-1.pdf
Bom Jesus Agropecuaria LTDA Fazenda Mirandopolis,Brazil,2019,https://responsiblesoy.org/wp-content/uploads/2020/03/2019_Informe-Publico_Bom-Jesus-Agropecuaria-LTDA-Fazenda-Mirandopolis.pdf
Associação Amigos da Terra II 2019,Brazil,2019,https://responsiblesoy.org/wp-content/uploads/2020/03/2019_Informe-Publico_Associação-Amigos-da-Terra-II.pdf
Amaggi EU RED 2,Brazil,2019,https://responsiblesoy.org/wp-content/uploads/2020/03/2019_Informe-Publico_Amaggi-EU-RED-2.pdf
Amaggi Commodities,Brazil,2019,https://responsiblesoy.org/wp-content/uploads/2020/03/2019_Informe-Publico_Amaggi-Commodities.pdf
Amaggi Commodities EU RED,Brazil,2019,https://responsiblesoy.org/wp-content/uploads/2020/03/2019_Informe-Publico_Amaggi-Commodities-EU-RED.pdf
Alianca da Terra Grupo IV,Brazil,2019,https://responsiblesoy.org/wp-content/uploads/2020/03/2019_Informe-Publico_Alianca-da-Terra-Grupo-IV.pdf
Terra Santa Agro 2018,Brazil,2018,https://responsiblesoy.org/wp-content/uploads/2020/03/2018_Informe-Publico_Terra-Santa-Agro.pdf
Grupo Reinhofer,Brazil,2018,https://responsiblesoy.org/wp-content/uploads/2020/03/2018_Informe-Publico_Grupo-Reinhofer-1.pdf
Fazenda Agricola Dourado S.A 2018,Brazil,2018,https://responsiblesoy.org/wp-content/uploads/2020/03/2018_Informe-Publico_Fazenda-Agricola-Dourado-SA.pdf
CerQualiti Grupo III 2018,Brazil,2018,https://responsiblesoy.org/wp-content/uploads/2020/03/2018_Informe-Publico_Cerquality-Grupo-II.pdf
Associação Amigos da Terra - Grupo III,Brazil,2018,https://responsiblesoy.org/wp-content/uploads/2020/03/2018_Informe-Publico_Associação-Amigos-da-Terra-Grupo-III.pdf
Amaggi Commodities,Brazil,2018,https://responsiblesoy.org/wp-content/uploads/2020/03/2018_Informe-Publico_Amaggi-Commodities.pdf
Amaggi Commodities EU RED,Brazil,2018,https://responsiblesoy.org/wp-content/uploads/2020/03/2018_Informe-Publico_Amaggi-Commodities-EU-RED.pdf
FAPCEN Grupo III,Brazil,2020,https://responsiblesoy.org/wp-content/uploads/2020/03/2020_Informe-Publico_FAPCEN-Grupo-III-2.pdf
